location,fday,source,temp_max_diff,temp_min_diff,temp_mean_diff,rain_diff
Brno-Tuřany,0.0,weathercom,,1.8199999999999996,,
Brno-Tuřany,1.0,weathercom,0.9785714285714286,2.114285714285714,,
Brno-Tuřany,1.0,yrno,1.8199999999999998,1.4333333333333336,1.0088888888888887,1.0333333333333334
Brno-Tuřany,2.0,weathercom,1.1307692307692307,1.8153846153846156,,
Brno-Tuřany,2.0,yrno,2.107142857142857,1.2785714285714282,1.0696428571428571,1.8071428571428572
Brno-Tuřany,3.0,weathercom,0.9833333333333333,2.2333333333333334,,
Brno-Tuřany,3.0,yrno,2.161538461538462,1.1538461538461537,0.9634615384615384,0.823076923076923
Brno-Tuřany,4.0,weathercom,1.2545454545454544,2.4636363636363634,,
Brno-Tuřany,4.0,yrno,2.408333333333333,2.125,1.1145833333333333,3.4333333333333336
Brno-Tuřany,5.0,weathercom,1.6400000000000001,2.2799999999999994,,
Brno-Tuřany,5.0,yrno,2.7818181818181817,1.6272727272727274,1.0295454545454545,2.1454545454545455
Brno-Tuřany,6.0,weathercom,2.033333333333333,2.5444444444444443,,
Brno-Tuřany,6.0,yrno,2.4299999999999997,1.7100000000000002,1.1025,2.14
Brno-Tuřany,7.0,weathercom,2.05,2.3125,,
Brno-Tuřany,7.0,yrno,2.5444444444444443,1.7777777777777777,0.8250000000000001,2.444444444444444
Brno-Tuřany,8.0,weathercom,2.1857142857142855,3.0,,
Brno-Tuřany,8.0,yrno,2.4875,1.8624999999999998,1.565625,3.2499999999999996
Brno-Tuřany,9.0,weathercom,2.483333333333333,2.45,,
Brno-Tuřany,9.0,yrno,3.542857142857143,4.1571428571428575,1.8428571428571427,5.1000000000000005
Cheb,0.0,weathercom,,1.2199999999999998,,
Cheb,1.0,weathercom,1.214285714285714,1.4142857142857141,,
Cheb,1.0,yrno,1.06,0.9466666666666667,0.8158333333333333,0.7000000000000001
Cheb,2.0,weathercom,1.369230769230769,1.723076923076923,,
Cheb,2.0,yrno,1.207142857142857,0.95,0.7800595238095236,0.7153846153846152
Cheb,3.0,weathercom,1.5999999999999999,1.4333333333333333,,
Cheb,3.0,yrno,1.369230769230769,1.4230769230769231,1.05,1.991666666666667
Cheb,4.0,weathercom,1.6545454545454545,1.5363636363636362,,
Cheb,4.0,yrno,1.6749999999999998,1.275,1.0708333333333333,1.7999999999999998
Cheb,5.0,weathercom,1.27,1.64,,
Cheb,5.0,yrno,1.5181818181818185,1.3272727272727274,0.9454545454545453,1.6272727272727274
Cheb,6.0,weathercom,1.9666666666666661,2.1555555555555554,,
Cheb,6.0,yrno,2.12,1.78,1.4424999999999997,1.41
Cheb,7.0,weathercom,1.6374999999999997,2.175,,
Cheb,7.0,yrno,1.822222222222222,1.6111111111111114,0.8750000000000001,1.6444444444444444
Cheb,8.0,weathercom,1.3857142857142857,2.0714285714285716,,
Cheb,8.0,yrno,1.7249999999999996,1.2874999999999999,1.21875,2.225
Cheb,9.0,weathercom,1.4166666666666663,1.7833333333333332,,
Cheb,9.0,yrno,2.471428571428571,2.457142857142857,1.5785714285714287,2.8857142857142857
Churáňov,0.0,weathercom,,1.2600000000000002,,
Churáňov,1.0,weathercom,2.185714285714286,1.3285714285714287,,
Churáňov,1.0,yrno,1.56,1.3,0.8580555555555558,0.5142857142857141
Churáňov,2.0,weathercom,2.3076923076923084,1.553846153846154,,
Churáňov,2.0,yrno,1.807142857142857,1.5071428571428573,0.9627976190476194,1.0142857142857142
Churáňov,3.0,weathercom,2.6250000000000004,1.875,,
Churáňov,3.0,yrno,2.376923076923077,1.7615384615384617,1.442307692307692,0.9538461538461536
Churáňov,4.0,weathercom,3.0454545454545463,2.2636363636363637,,
Churáňov,4.0,yrno,2.9916666666666667,1.95,2.072916666666667,1.6500000000000004
Churáňov,5.0,weathercom,3.45,2.38,,
Churáňov,5.0,yrno,3.1181818181818177,2.6999999999999997,2.3454545454545452,2.7636363636363637
Churáňov,6.0,weathercom,2.9666666666666672,2.4555555555555557,,
Churáňov,6.0,yrno,2.75,2.4699999999999998,2.3875,1.26
Churáňov,7.0,weathercom,3.125000000000001,1.75,,
Churáňov,7.0,yrno,3.4444444444444446,2.4000000000000004,1.7805555555555554,2.166666666666667
Churáňov,8.0,weathercom,2.400000000000001,1.8571428571428574,,
Churáňov,8.0,yrno,2.9750000000000005,2.6125,1.9187500000000002,3.2375
Churáňov,9.0,weathercom,2.5166666666666666,1.7166666666666666,,
Churáňov,9.0,yrno,2.442857142857143,2.9571428571428564,2.414285714285714,7.799999999999999
Doksany,0.0,weathercom,,3.9333333333333327,,
Doksany,1.0,weathercom,1.3785714285714286,4.05,,
Doksany,1.0,yrno,1.2133333333333336,3.4733333333333323,1.959444444444444,1.4357142857142864
Doksany,2.0,weathercom,1.6153846153846156,4.369230769230769,,
Doksany,2.0,yrno,1.5000000000000004,3.8642857142857148,1.9080357142857143,1.1538461538461537
Doksany,3.0,weathercom,1.5583333333333336,4.408333333333332,,
Doksany,3.0,yrno,1.6153846153846154,3.96923076923077,1.6942307692307697,1.8666666666666665
Doksany,4.0,weathercom,1.3181818181818186,4.436363636363636,,
Doksany,4.0,yrno,2.533333333333333,3.991666666666667,1.7562499999999996,1.0909090909090908
Doksany,5.0,weathercom,1.5800000000000003,4.549999999999999,,
Doksany,5.0,yrno,1.8636363636363635,3.9181818181818184,1.7772727272727271,0.9399999999999998
Doksany,6.0,weathercom,1.677777777777778,5.144444444444443,,
Doksany,6.0,yrno,2.07,4.6899999999999995,2.2449999999999997,2.44
Doksany,7.0,weathercom,1.9000000000000004,5.099999999999999,,
Doksany,7.0,yrno,2.3,4.033333333333333,1.588888888888889,2.4777777777777774
Doksany,8.0,weathercom,1.9000000000000004,4.8999999999999995,,
Doksany,8.0,yrno,3.4625000000000004,4.3,1.9812500000000002,3.549999999999999
Doksany,9.0,weathercom,2.3333333333333335,4.450000000000001,,
Doksany,9.0,yrno,3.5428571428571436,3.085714285714286,2.0857142857142854,4.057142857142856
Dukovany,0.0,weathercom,,1.613333333333333,,
Dukovany,1.0,weathercom,0.6285714285714284,1.75,,
Dukovany,1.0,yrno,1.4933333333333332,1.2733333333333334,0.8777777777777772,1.4142857142857141
Dukovany,2.0,weathercom,0.8461538461538463,1.4692307692307693,,
Dukovany,2.0,yrno,1.7642857142857145,0.8285714285714285,0.9163690476190477,1.484615384615385
Dukovany,3.0,weathercom,0.8499999999999998,1.8833333333333335,,
Dukovany,3.0,yrno,2.1153846153846154,1.6076923076923073,0.9826923076923078,1.491666666666667
Dukovany,4.0,weathercom,0.9363636363636363,1.9636363636363638,,
Dukovany,4.0,yrno,2.1166666666666667,1.5916666666666668,1.227083333333333,3.5727272727272723
Dukovany,5.0,weathercom,0.9899999999999999,2.25,,
Dukovany,5.0,yrno,2.2,1.5272727272727271,0.990909090909091,2.96
Dukovany,6.0,weathercom,1.2333333333333334,2.7777777777777777,,
Dukovany,6.0,yrno,1.8200000000000003,1.9800000000000004,1.3150000000000006,1.344444444444444
Dukovany,7.0,weathercom,1.0,2.6625,,
Dukovany,7.0,yrno,1.8111111111111111,2.622222222222222,1.2250000000000003,1.525
Dukovany,8.0,weathercom,1.285714285714286,2.9,,
Dukovany,8.0,yrno,2.1125000000000003,2.525,1.6968750000000001,1.6857142857142855
Dukovany,9.0,weathercom,1.7833333333333334,3.0833333333333335,,
Dukovany,9.0,yrno,2.1571428571428575,4.7857142857142865,1.907142857142857,4.7
Holešov,0.0,weathercom,,2.42,,
Holešov,1.0,weathercom,0.47142857142857114,2.2857142857142856,,
Holešov,1.0,yrno,1.6999999999999997,2.0266666666666664,1.1880555555555563,1.16
Holešov,2.0,weathercom,0.5384615384615383,2.361538461538461,,
Holešov,2.0,yrno,1.8214285714285714,1.8357142857142854,1.3000000000000003,1.8499999999999999
Holešov,3.0,weathercom,0.7333333333333333,2.0916666666666663,,
Holešov,3.0,yrno,1.8076923076923077,2.0999999999999996,1.3423076923076922,1.4461538461538461
Holešov,4.0,weathercom,0.7909090909090909,2.1454545454545455,,
Holešov,4.0,yrno,2.1333333333333333,2.1166666666666667,1.3999999999999997,4.608333333333333
Holešov,5.0,weathercom,1.52,2.2300000000000004,,
Holešov,5.0,yrno,2.6727272727272724,1.6909090909090911,1.0477272727272728,2.409090909090909
Holešov,6.0,weathercom,2.0999999999999996,1.9666666666666666,,
Holešov,6.0,yrno,2.8300000000000005,1.8800000000000001,1.0725000000000002,2.6499999999999995
Holešov,7.0,weathercom,1.7375,1.65,,
Holešov,7.0,yrno,2.6111111111111107,1.488888888888889,1.044444444444445,1.3
Holešov,8.0,weathercom,1.5571428571428572,1.8571428571428572,,
Holešov,8.0,yrno,2.1625,1.8625,1.6874999999999998,0.875
Holešov,9.0,weathercom,2.5166666666666666,1.633333333333333,,
Holešov,9.0,yrno,2.9857142857142867,4.3,2.0642857142857145,3.2571428571428576
Jičín,0.0,weathercom,,1.4733333333333332,,
Jičín,1.0,weathercom,0.6357142857142855,1.4428571428571428,,
Jičín,1.0,yrno,1.5333333333333328,1.4733333333333332,0.9336309523809524,1.2428571428571424
Jičín,2.0,weathercom,0.7999999999999999,1.7153846153846155,,
Jičín,2.0,yrno,1.778571428571428,1.6714285714285715,0.9304487179487175,1.7999999999999998
Jičín,3.0,weathercom,1.0166666666666666,1.7749999999999997,,
Jičín,3.0,yrno,1.9307692307692308,1.353846153846154,0.8104166666666671,2.433333333333333
Jičín,4.0,weathercom,1.0454545454545452,1.8454545454545455,,
Jičín,4.0,yrno,1.9083333333333334,1.7750000000000001,1.2363636363636366,3.190909090909091
Jičín,5.0,weathercom,1.4299999999999997,1.9799999999999998,,
Jičín,5.0,yrno,2.4454545454545453,1.6363636363636365,1.3575,1.61
Jičín,6.0,weathercom,1.444444444444444,2.133333333333333,,
Jičín,6.0,yrno,2.6999999999999997,1.8,1.2388888888888892,1.5777777777777775
Jičín,7.0,weathercom,1.5999999999999996,1.8000000000000003,,
Jičín,7.0,yrno,2.4000000000000004,1.7666666666666664,1.6874999999999998,3.1374999999999997
Jičín,8.0,weathercom,1.0857142857142854,2.2142857142857144,,
Jičín,8.0,yrno,2.25,2.4875000000000003,2.025000000000001,3.6714285714285713
Jičín,9.0,weathercom,1.4499999999999995,1.7833333333333332,,
Jičín,9.0,yrno,2.5857142857142854,1.385714285714286,2.4333333333333336,6.266666666666667
Karlovy Vary,0.0,weathercom,,2.9600000000000004,,
Karlovy Vary,1.0,weathercom,2.471428571428571,3.1285714285714286,,
Karlovy Vary,1.0,yrno,1.1333333333333333,2.473333333333334,1.5833333333333335,0.7066666666666667
Karlovy Vary,2.0,weathercom,2.592307692307692,3.353846153846154,,
Karlovy Vary,2.0,yrno,1.2500000000000002,2.907142857142857,1.6580357142857147,1.4642857142857142
Karlovy Vary,3.0,weathercom,2.641666666666666,3.2833333333333337,,
Karlovy Vary,3.0,yrno,1.5153846153846153,3.4538461538461545,1.7134615384615386,1.3000000000000003
Karlovy Vary,4.0,weathercom,2.6363636363636362,2.763636363636364,,
Karlovy Vary,4.0,yrno,2.0749999999999997,3.1249999999999996,1.683333333333333,1.8416666666666668
Karlovy Vary,5.0,weathercom,2.58,3.21,,
Karlovy Vary,5.0,yrno,2.209090909090909,2.7363636363636363,1.3681818181818182,1.9454545454545453
Karlovy Vary,6.0,weathercom,3.2222222222222223,3.333333333333334,,
Karlovy Vary,6.0,yrno,2.5800000000000005,3.25,1.8425,2.5700000000000003
Karlovy Vary,7.0,weathercom,2.25,3.2375000000000007,,
Karlovy Vary,7.0,yrno,2.144444444444445,2.977777777777778,1.3944444444444444,2.9777777777777774
Karlovy Vary,8.0,weathercom,2.2428571428571424,3.0,,
Karlovy Vary,8.0,yrno,1.9875,2.8875,1.2125,3.8375
Karlovy Vary,9.0,weathercom,2.1666666666666665,3.0666666666666664,,
Karlovy Vary,9.0,yrno,2.285714285714285,2.642857142857143,1.5999999999999999,4.614285714285714
Kocelovice,0.0,weathercom,,1.5533333333333335,,
Kocelovice,1.0,weathercom,1.5357142857142858,1.5214285714285718,,
Kocelovice,1.0,yrno,1.5266666666666666,1.993333333333333,0.9597222222222226,0.8428571428571432
Kocelovice,2.0,weathercom,1.8615384615384618,1.9461538461538461,,
Kocelovice,2.0,yrno,1.5785714285714285,2.2642857142857142,0.9089285714285716,0.9230769230769231
Kocelovice,3.0,weathercom,1.866666666666667,2.041666666666667,,
Kocelovice,3.0,yrno,1.8076923076923075,2.6384615384615384,0.8730769230769234,1.8833333333333329
Kocelovice,4.0,weathercom,1.781818181818182,1.8909090909090913,,
Kocelovice,4.0,yrno,1.7916666666666667,2.608333333333334,0.8145833333333332,2.4909090909090907
Kocelovice,5.0,weathercom,1.57,2.3100000000000005,,
Kocelovice,5.0,yrno,1.9363636363636367,2.5545454545454547,0.8977272727272724,2.0799999999999996
Kocelovice,6.0,weathercom,2.233333333333333,2.9444444444444446,,
Kocelovice,6.0,yrno,2.13,3.12,1.7299999999999998,1.4777777777777776
Kocelovice,7.0,weathercom,1.8499999999999999,2.8500000000000005,,
Kocelovice,7.0,yrno,2.1,3.2222222222222223,1.375,2.2249999999999996
Kocelovice,8.0,weathercom,2.1142857142857143,3.3571428571428577,,
Kocelovice,8.0,yrno,2.937500000000001,2.975,1.4656250000000002,3.042857142857143
Kocelovice,9.0,weathercom,2.566666666666667,3.0,,
Kocelovice,9.0,yrno,2.4714285714285715,2.6571428571428575,1.6285714285714283,6.683333333333333
Kopisty,0.0,weathercom,,3.48,,
Kopisty,1.0,weathercom,1.0642857142857143,3.785714285714286,,
Kopisty,1.0,yrno,1.24,2.1133333333333333,1.1544444444444444,0.5
Kopisty,2.0,weathercom,1.1076923076923075,3.830769230769231,,
Kopisty,2.0,yrno,1.4642857142857146,2.3000000000000003,1.0747023809523808,2.2142857142857144
Kopisty,3.0,weathercom,1.575,4.133333333333334,,
Kopisty,3.0,yrno,2.2615384615384615,2.730769230769231,1.146153846153846,0.4769230769230769
Kopisty,4.0,weathercom,1.736363636363636,3.6727272727272733,,
Kopisty,4.0,yrno,2.4499999999999997,2.5333333333333328,1.4625000000000001,2.2416666666666667
Kopisty,5.0,weathercom,1.81,3.8500000000000005,,
Kopisty,5.0,yrno,2.236363636363636,2.7636363636363637,1.1386363636363632,1.9272727272727272
Kopisty,6.0,weathercom,1.7333333333333332,4.4444444444444455,,
Kopisty,6.0,yrno,2.33,3.3899999999999997,1.5350000000000001,3.2399999999999998
Kopisty,7.0,weathercom,1.8499999999999996,4.425000000000001,,
Kopisty,7.0,yrno,3.177777777777777,3.111111111111111,1.458333333333333,3.9444444444444446
Kopisty,8.0,weathercom,1.942857142857143,4.085714285714286,,
Kopisty,8.0,yrno,3.0375000000000005,3.5875000000000004,1.8093750000000002,4.925000000000001
Kopisty,9.0,weathercom,2.3666666666666667,4.183333333333334,,
Kopisty,9.0,yrno,3.4857142857142853,2.757142857142857,1.9499999999999997,5.628571428571428
Kostelní Myslová,0.0,weathercom,,1.6466666666666667,,
Kostelní Myslová,1.0,weathercom,1.1428571428571428,1.507142857142857,,
Kostelní Myslová,1.0,yrno,2.0466666666666664,1.1733333333333333,0.7683333333333333,1.1285714285714286
Kostelní Myslová,2.0,weathercom,1.1846153846153844,1.6384615384615382,,
Kostelní Myslová,2.0,yrno,2.1785714285714284,1.2285714285714289,0.8238095238095237,0.976923076923077
Kostelní Myslová,3.0,weathercom,1.4833333333333332,1.8499999999999996,,
Kostelní Myslová,3.0,yrno,2.569230769230769,1.8153846153846156,0.8711538461538461,1.7916666666666663
Kostelní Myslová,4.0,weathercom,1.3636363636363635,1.7545454545454542,,
Kostelní Myslová,4.0,yrno,3.1666666666666674,1.825,0.9312499999999995,2.890909090909091
Kostelní Myslová,5.0,weathercom,1.2799999999999998,1.7399999999999998,,
Kostelní Myslová,5.0,yrno,2.209090909090909,1.3818181818181818,1.0545454545454545,2.21
Kostelní Myslová,6.0,weathercom,1.7000000000000002,2.522222222222222,,
Kostelní Myslová,6.0,yrno,2.0400000000000005,2.44,1.4875000000000003,1.5333333333333334
Kostelní Myslová,7.0,weathercom,1.475,2.4375,,
Kostelní Myslová,7.0,yrno,2.611111111111111,2.622222222222222,1.5249999999999997,1.5875
Kostelní Myslová,8.0,weathercom,2.142857142857143,2.9285714285714284,,
Kostelní Myslová,8.0,yrno,3.0500000000000003,2.9124999999999996,1.5531249999999999,1.2714285714285716
Kostelní Myslová,9.0,weathercom,2.233333333333334,2.8333333333333335,,
Kostelní Myslová,9.0,yrno,2.242857142857143,4.257142857142857,1.328571428571428,5.05
Košetice,0.0,weathercom,,1.72,,
Košetice,1.0,weathercom,1.0357142857142858,1.7857142857142858,,
Košetice,1.0,yrno,1.1866666666666665,1.5,0.7833333333333334,0.792857142857143
Košetice,2.0,weathercom,1.0615384615384618,1.6615384615384616,,
Košetice,2.0,yrno,1.2214285714285715,1.4714285714285713,0.6913690476190482,1.0307692307692309
Košetice,3.0,weathercom,1.2583333333333335,1.8166666666666667,,
Košetice,3.0,yrno,1.376923076923077,1.8692307692307693,0.6826923076923077,1.6916666666666667
Košetice,4.0,weathercom,1.3545454545454547,1.6454545454545453,,
Košetice,4.0,yrno,2.158333333333333,1.8500000000000003,0.7999999999999998,2.2454545454545456
Košetice,5.0,weathercom,1.1900000000000002,1.34,,
Košetice,5.0,yrno,1.9909090909090907,1.4363636363636363,0.806818181818182,2.08
Košetice,6.0,weathercom,1.7666666666666666,2.1,,
Košetice,6.0,yrno,1.8,2.36,1.27,1.3666666666666667
Košetice,7.0,weathercom,1.6625,2.2624999999999997,,
Košetice,7.0,yrno,1.9444444444444444,2.3666666666666667,1.2777777777777777,1.5749999999999997
Košetice,8.0,weathercom,1.7,2.3285714285714283,,
Košetice,8.0,yrno,2.375,2.4749999999999996,1.2937500000000002,0.8428571428571426
Košetice,9.0,weathercom,2.45,2.566666666666667,,
Košetice,9.0,yrno,2.557142857142858,2.8428571428571425,1.7142857142857146,6.683333333333333
Kuchařovice,0.0,weathercom,,1.8266666666666669,,
Kuchařovice,1.0,weathercom,0.6571428571428573,2.0,,
Kuchařovice,1.0,yrno,1.1600000000000001,1.5866666666666667,0.9294444444444444,1.1785714285714284
Kuchařovice,2.0,weathercom,0.8538461538461538,1.876923076923077,,
Kuchařovice,2.0,yrno,1.0785714285714285,1.3285714285714287,0.8467261904761912,1.276923076923077
Kuchařovice,3.0,weathercom,0.7249999999999998,2.141666666666667,,
Kuchařovice,3.0,yrno,1.3000000000000003,1.7538461538461538,1.0153846153846153,1.2
Kuchařovice,4.0,weathercom,1.1272727272727274,2.0000000000000004,,
Kuchařovice,4.0,yrno,1.5750000000000002,1.9749999999999996,1.2166666666666666,2.972727272727273
Kuchařovice,5.0,weathercom,0.93,2.2,,
Kuchařovice,5.0,yrno,1.718181818181818,1.7272727272727273,0.8931818181818181,2.9800000000000004
Kuchařovice,6.0,weathercom,1.3555555555555554,2.744444444444445,,
Kuchařovice,6.0,yrno,1.52,2.41,1.6325000000000003,1.7222222222222223
Kuchařovice,7.0,weathercom,1.25,2.4625000000000004,,
Kuchařovice,7.0,yrno,1.4777777777777774,2.7666666666666666,1.6861111111111113,1.4374999999999998
Kuchařovice,8.0,weathercom,1.3857142857142857,2.9571428571428577,,
Kuchařovice,8.0,yrno,1.95,2.7624999999999997,1.71875,1.157142857142857
Kuchařovice,9.0,weathercom,1.7333333333333332,3.0500000000000003,,
Kuchařovice,9.0,yrno,1.9857142857142855,4.614285714285714,2.1999999999999997,4.949999999999999
Liberec,0.0,weathercom,,1.0266666666666666,,
Liberec,1.0,weathercom,0.6928571428571431,0.9214285714285716,,
Liberec,1.0,yrno,1.8866666666666665,1.0800000000000003,1.2855555555555556,0.9799999999999998
Liberec,2.0,weathercom,1.0461538461538462,0.7615384615384617,,
Liberec,2.0,yrno,1.8928571428571435,0.8785714285714289,1.3824404761904767,1.8499999999999999
Liberec,3.0,weathercom,0.9083333333333335,1.0166666666666668,,
Liberec,3.0,yrno,1.9923076923076928,1.1076923076923078,1.3980769230769234,2.1307692307692307
Liberec,4.0,weathercom,1.581818181818182,0.5272727272727272,,
Liberec,4.0,yrno,2.5500000000000003,1.116666666666667,1.758333333333334,1.241666666666667
Liberec,5.0,weathercom,1.3900000000000001,0.8399999999999999,,
Liberec,5.0,yrno,2.4272727272727277,0.9636363636363637,1.795454545454546,2.1818181818181817
Liberec,6.0,weathercom,1.8222222222222224,1.0777777777777777,,
Liberec,6.0,yrno,2.8100000000000005,1.64,2.1199999999999997,4.4799999999999995
Liberec,7.0,weathercom,2.0500000000000003,1.1375000000000002,,
Liberec,7.0,yrno,2.8777777777777778,1.3111111111111111,2.188888888888889,2.6
Liberec,8.0,weathercom,1.6571428571428573,1.2285714285714289,,
Liberec,8.0,yrno,2.7125000000000004,2.1125,2.38125,4.512499999999999
Liberec,9.0,weathercom,1.6833333333333336,1.1833333333333333,,
Liberec,9.0,yrno,2.9571428571428577,2.2285714285714286,2.3214285714285707,5.514285714285713
Luká,0.0,weathercom,,1.1466666666666667,,
Luká,1.0,weathercom,0.6642857142857144,1.3785714285714286,,
Luká,1.0,yrno,1.2266666666666666,2.1,1.6930555555555555,1.546153846153846
Luká,2.0,weathercom,0.9230769230769232,1.3692307692307693,,
Luká,2.0,yrno,1.1928571428571426,1.9642857142857142,1.7318452380952383,2.123076923076923
Luká,3.0,weathercom,0.7416666666666667,1.4416666666666667,,
Luká,3.0,yrno,1.2461538461538462,1.3461538461538463,1.7826923076923078,0.8749999999999999
Luká,4.0,weathercom,1.0181818181818185,1.7272727272727273,,
Luká,4.0,yrno,1.625,1.6833333333333333,1.7562499999999999,4.136363636363637
Luká,5.0,weathercom,1.24,2.0200000000000005,,
Luká,5.0,yrno,2.372727272727273,1.7272727272727273,1.7931818181818182,1.81
Luká,6.0,weathercom,1.7777777777777777,1.8555555555555558,,
Luká,6.0,yrno,2.29,2.32,1.64,2.6666666666666665
Luká,7.0,weathercom,1.8125,1.6124999999999998,,
Luká,7.0,yrno,2.3000000000000003,2.611111111111111,1.5111111111111113,2.2125
Luká,8.0,weathercom,1.5142857142857142,2.2,,
Luká,8.0,yrno,1.75,2.4375,1.9562499999999998,2.342857142857143
Luká,9.0,weathercom,2.0,1.8499999999999999,,
Luká,9.0,yrno,1.9142857142857141,4.028571428571428,1.6142857142857139,5.75
Lysá hora,0.0,weathercom,,1.02,,
Lysá hora,1.0,weathercom,1.2642857142857142,1.2142857142857142,,
Lysá hora,1.0,yrno,0.9266666666666666,1.24,1.0691666666666664,1.2066666666666663
Lysá hora,2.0,weathercom,1.4384615384615382,1.4384615384615385,,
Lysá hora,2.0,yrno,0.8142857142857141,1.2857142857142854,1.0863095238095237,1.1142857142857143
Lysá hora,3.0,weathercom,1.2333333333333334,1.6916666666666667,,
Lysá hora,3.0,yrno,0.9692307692307692,1.2153846153846155,1.284615384615385,1.146153846153846
Lysá hora,4.0,weathercom,1.3636363636363635,2.0181818181818185,,
Lysá hora,4.0,yrno,1.325,2.1333333333333337,1.8354166666666665,4.1499999999999995
Lysá hora,5.0,weathercom,1.15,1.72,,
Lysá hora,5.0,yrno,1.3727272727272726,1.8727272727272728,1.4999999999999998,1.981818181818182
Lysá hora,6.0,weathercom,1.2111111111111112,1.5666666666666669,,
Lysá hora,6.0,yrno,1.65,1.9200000000000004,1.6575,1.9600000000000002
Lysá hora,7.0,weathercom,1.45,0.8875,,
Lysá hora,7.0,yrno,1.5333333333333334,1.6777777777777778,1.363888888888889,3.9222222222222225
Lysá hora,8.0,weathercom,1.7142857142857146,1.5142857142857142,,
Lysá hora,8.0,yrno,1.4375,2.3625,1.628125,0.6499999999999999
Lysá hora,9.0,weathercom,2.3333333333333335,1.0666666666666667,,
Lysá hora,9.0,yrno,2.0,2.757142857142857,1.9500000000000004,5.1000000000000005
Maruška,0.0,weathercom,,1.733333333333333,,
Maruška,1.0,weathercom,1.2357142857142855,1.5142857142857142,,
Maruška,1.0,yrno,1.0666666666666669,2.0733333333333333,1.1455555555555554,0.8214285714285714
Maruška,2.0,weathercom,1.6,1.6538461538461537,,
Maruška,2.0,yrno,1.1071428571428572,1.992857142857143,1.3169642857142854,1.2846153846153845
Maruška,3.0,weathercom,1.3416666666666666,2.1166666666666667,,
Maruška,3.0,yrno,0.9769230769230771,1.6307692307692305,1.488461538461539,0.8846153846153846
Maruška,4.0,weathercom,1.1363636363636365,1.9,,
Maruška,4.0,yrno,1.558333333333333,2.2500000000000004,1.9979166666666666,4.175
Maruška,5.0,weathercom,1.1199999999999999,1.4999999999999996,,
Maruška,5.0,yrno,1.7727272727272727,2.254545454545455,1.820454545454546,2.4272727272727272
Maruška,6.0,weathercom,1.3444444444444446,1.0777777777777777,,
Maruška,6.0,yrno,1.9900000000000002,1.9299999999999997,1.455,2.0900000000000003
Maruška,7.0,weathercom,1.4625,0.9625,,
Maruška,7.0,yrno,1.7444444444444447,1.4777777777777774,1.4249999999999998,1.1888888888888889
Maruška,8.0,weathercom,1.6142857142857143,0.8428571428571429,,
Maruška,8.0,yrno,1.4124999999999999,1.8874999999999997,1.478125,1.4874999999999998
Maruška,9.0,weathercom,2.1166666666666667,0.9666666666666667,,
Maruška,9.0,yrno,2.485714285714286,3.071428571428572,2.035714285714286,3.3285714285714283
Milešovka,0.0,weathercom,,1.1666666666666667,,
Milešovka,1.0,weathercom,0.7642857142857142,1.0785714285714285,,
Milešovka,1.0,yrno,0.9399999999999998,2.0733333333333333,1.2966666666666669,0.49285714285714316
Milešovka,2.0,weathercom,0.9846153846153847,1.1769230769230767,,
Milešovka,2.0,yrno,0.7285714285714285,1.7642857142857145,1.3235119047619048,2.169230769230769
Milešovka,3.0,weathercom,1.366666666666667,1.0416666666666667,,
Milešovka,3.0,yrno,1.2923076923076924,1.5692307692307694,1.4826923076923075,1.4333333333333336
Milešovka,4.0,weathercom,1.0363636363636366,1.1272727272727274,,
Milešovka,4.0,yrno,2.1999999999999997,1.7833333333333334,1.5041666666666664,2.772727272727273
Milešovka,5.0,weathercom,1.2000000000000002,0.96,,
Milešovka,5.0,yrno,1.1454545454545453,1.8181818181818181,1.4659090909090913,2.290909090909091
Milešovka,6.0,weathercom,1.3333333333333333,0.7222222222222222,,
Milešovka,6.0,yrno,1.8299999999999996,1.8199999999999998,1.605,3.08
Milešovka,7.0,weathercom,1.45,0.9624999999999999,,
Milešovka,7.0,yrno,2.5000000000000004,1.6555555555555554,1.8333333333333333,4.2
Milešovka,8.0,weathercom,1.7714285714285716,1.157142857142857,,
Milešovka,8.0,yrno,2.45,2.45,2.265625,5.5375
Milešovka,9.0,weathercom,2.2166666666666663,0.9833333333333334,,
Milešovka,9.0,yrno,3.0,2.3428571428571425,2.092857142857143,6.271428571428571
Náměšť nad Oslavou,0.0,weathercom,,1.4266666666666665,,
Náměšť nad Oslavou,1.0,weathercom,0.7714285714285715,1.5428571428571425,,
Náměšť nad Oslavou,1.0,yrno,1.0666666666666667,1.1666666666666667,0.6886111111111116,1.2538461538461536
Náměšť nad Oslavou,2.0,weathercom,0.8846153846153846,1.553846153846154,,
Náměšť nad Oslavou,2.0,yrno,1.1500000000000001,0.757142857142857,0.8258928571428569,1.325
Náměšť nad Oslavou,3.0,weathercom,0.7500000000000001,1.7166666666666666,,
Náměšť nad Oslavou,3.0,yrno,1.6615384615384619,1.4153846153846152,0.8346153846153849,1.6090909090909091
Náměšť nad Oslavou,4.0,weathercom,1.0000000000000002,1.7909090909090912,,
Náměšť nad Oslavou,4.0,yrno,1.8416666666666661,1.5000000000000002,1.0708333333333335,3.0200000000000005
Náměšť nad Oslavou,5.0,weathercom,0.99,1.9400000000000002,,
Náměšť nad Oslavou,5.0,yrno,1.6636363636363634,1.4000000000000001,0.8431818181818184,1.5999999999999999
Náměšť nad Oslavou,6.0,weathercom,1.3444444444444443,2.6555555555555554,,
Náměšť nad Oslavou,6.0,yrno,1.51,2.07,1.4275,0.41249999999999987
Náměšť nad Oslavou,7.0,weathercom,1.075,2.1375,,
Náměšť nad Oslavou,7.0,yrno,1.788888888888889,2.466666666666667,1.4833333333333334,1.0142857142857142
Náměšť nad Oslavou,8.0,weathercom,1.8000000000000003,2.9142857142857146,,
Náměšť nad Oslavou,8.0,yrno,2.1625,2.925,1.775,2.133333333333333
Náměšť nad Oslavou,9.0,weathercom,1.6666666666666667,2.4,,
Náměšť nad Oslavou,9.0,yrno,1.6285714285714283,4.8428571428571425,1.9357142857142857,2.0599999999999996
Ostrava-Mošnov,0.0,weathercom,,1.8266666666666664,,
Ostrava-Mošnov,1.0,weathercom,0.642857142857143,1.7357142857142858,,
Ostrava-Mošnov,1.0,yrno,1.9199999999999997,1.586666666666667,0.8694444444444441,0.9800000000000002
Ostrava-Mošnov,2.0,weathercom,0.8615384615384618,1.7307692307692308,,
Ostrava-Mošnov,2.0,yrno,1.9785714285714289,1.5142857142857145,0.9613095238095245,1.1428571428571428
Ostrava-Mošnov,3.0,weathercom,0.9500000000000005,1.6083333333333334,,
Ostrava-Mošnov,3.0,yrno,2.0076923076923086,1.6384615384615382,1.186538461538462,0.9230769230769229
Ostrava-Mošnov,4.0,weathercom,1.181818181818182,1.309090909090909,,
Ostrava-Mošnov,4.0,yrno,2.7249999999999996,1.6833333333333333,1.5125,5.191666666666666
Ostrava-Mošnov,5.0,weathercom,1.6400000000000006,1.0899999999999999,,
Ostrava-Mošnov,5.0,yrno,3.1454545454545455,1.0999999999999999,1.7999999999999998,2.1363636363636362
Ostrava-Mošnov,6.0,weathercom,2.077777777777778,1.8888888888888888,,
Ostrava-Mošnov,6.0,yrno,3.19,1.4499999999999997,1.5825,3.0
Ostrava-Mošnov,7.0,weathercom,2.3375000000000004,1.5125,,
Ostrava-Mošnov,7.0,yrno,2.9333333333333336,2.377777777777778,2.0472222222222225,2.077777777777778
Ostrava-Mošnov,8.0,weathercom,1.9142857142857146,1.7571428571428576,,
Ostrava-Mošnov,8.0,yrno,2.2250000000000005,1.6999999999999997,2.1968750000000004,0.9
Ostrava-Mošnov,9.0,weathercom,2.883333333333334,1.5,,
Ostrava-Mošnov,9.0,yrno,3.7857142857142856,3.157142857142857,1.807142857142857,2.971428571428571
Pardubice,0.0,weathercom,,3.08,,
Pardubice,1.0,weathercom,0.6642857142857145,3.214285714285714,,
Pardubice,1.0,yrno,1.8533333333333337,2.8666666666666663,1.1249999999999998,1.1933333333333336
Pardubice,2.0,weathercom,1.0230769230769232,3.3999999999999995,,
Pardubice,2.0,yrno,2.05,2.9071428571428575,1.0934523809523808,1.4142857142857141
Pardubice,3.0,weathercom,1.0333333333333334,2.9916666666666667,,
Pardubice,3.0,yrno,2.3538461538461544,3.384615384615385,1.113461538461539,1.3923076923076925
Pardubice,4.0,weathercom,1.1454545454545455,3.3181818181818175,,
Pardubice,4.0,yrno,2.708333333333334,3.3833333333333333,1.16875,3.983333333333334
Pardubice,5.0,weathercom,1.27,3.1500000000000004,,
Pardubice,5.0,yrno,2.9000000000000004,3.163636363636364,1.3409090909090906,1.8272727272727274
Pardubice,6.0,weathercom,1.7555555555555555,3.811111111111111,,
Pardubice,6.0,yrno,2.7600000000000002,3.85,1.3374999999999997,1.5300000000000002
Pardubice,7.0,weathercom,1.5,3.2125,,
Pardubice,7.0,yrno,2.711111111111111,3.5444444444444443,1.3527777777777779,1.4888888888888885
Pardubice,8.0,weathercom,1.5285714285714285,3.1428571428571423,,
Pardubice,8.0,yrno,2.8375,3.4000000000000004,1.5468749999999996,1.1250000000000002
Pardubice,9.0,weathercom,2.2333333333333334,2.816666666666667,,
Pardubice,9.0,yrno,3.0714285714285716,3.4142857142857146,2.1499999999999995,5.857142857142857
Pec pod Sněžkou,0.0,weathercom,,1.7066666666666666,,
Pec pod Sněžkou,1.0,weathercom,1.3142857142857143,1.8214285714285714,,
Pec pod Sněžkou,1.0,yrno,2.6133333333333337,1.5666666666666667,0.6488888888888888,2.3400000000000003
Pec pod Sněžkou,2.0,weathercom,1.4307692307692308,1.7923076923076922,,
Pec pod Sněžkou,2.0,yrno,2.9571428571428564,1.4642857142857142,0.8592261904761902,4.057142857142857
Pec pod Sněžkou,3.0,weathercom,1.7249999999999996,1.8249999999999995,,
Pec pod Sněžkou,3.0,yrno,2.8153846153846156,1.723076923076923,0.8634615384615383,3.7461538461538457
Pec pod Sněžkou,4.0,weathercom,2.145454545454545,1.5363636363636362,,
Pec pod Sněžkou,4.0,yrno,3.416666666666666,1.7333333333333334,0.8854166666666664,3.8499999999999996
Pec pod Sněžkou,5.0,weathercom,2.19,1.9299999999999997,,
Pec pod Sněžkou,5.0,yrno,3.6272727272727265,2.190909090909091,1.0295454545454545,4.154545454545455
Pec pod Sněžkou,6.0,weathercom,1.9777777777777774,2.322222222222222,,
Pec pod Sněžkou,6.0,yrno,3.7000000000000006,2.2700000000000005,1.1275,6.470000000000001
Pec pod Sněžkou,7.0,weathercom,2.1375,2.4249999999999994,,
Pec pod Sněžkou,7.0,yrno,3.755555555555556,2.3777777777777778,1.416666666666667,6.433333333333333
Pec pod Sněžkou,8.0,weathercom,1.5714285714285714,2.257142857142857,,
Pec pod Sněžkou,8.0,yrno,2.8625,2.875,1.8312499999999998,8.75
Pec pod Sněžkou,9.0,weathercom,1.6833333333333336,1.9500000000000002,,
Pec pod Sněžkou,9.0,yrno,2.3428571428571425,2.585714285714286,1.864285714285714,9.342857142857143
Plzeň-Mikulka,0.0,weathercom,,1.8533333333333333,,
Plzeň-Mikulka,1.0,weathercom,1.7928571428571427,1.8785714285714283,,
Plzeň-Mikulka,1.0,yrno,1.7133333333333334,1.2266666666666666,1.168888888888889,0.5499999999999999
Plzeň-Mikulka,2.0,weathercom,2.0307692307692307,2.3076923076923075,,
Plzeň-Mikulka,2.0,yrno,1.8857142857142863,1.257142857142857,0.8970238095238093,1.2999999999999998
Plzeň-Mikulka,3.0,weathercom,2.075,2.0833333333333335,,
Plzeň-Mikulka,3.0,yrno,2.0,1.715384615384615,1.0884615384615381,0.9416666666666669
Plzeň-Mikulka,4.0,weathercom,2.0727272727272723,1.9272727272727272,,
Plzeň-Mikulka,4.0,yrno,2.3916666666666675,2.191666666666667,1.3062500000000001,1.7727272727272727
Plzeň-Mikulka,5.0,weathercom,2.0000000000000004,2.08,,
Plzeň-Mikulka,5.0,yrno,1.781818181818182,1.7545454545454546,1.2681818181818183,1.03
Plzeň-Mikulka,6.0,weathercom,2.3,2.988888888888889,,
Plzeň-Mikulka,6.0,yrno,2.2,2.62,1.5124999999999997,2.033333333333333
Plzeň-Mikulka,7.0,weathercom,2.175,3.0374999999999996,,
Plzeň-Mikulka,7.0,yrno,2.3888888888888893,2.477777777777778,0.9777777777777774,2.4749999999999996
Plzeň-Mikulka,8.0,weathercom,1.9857142857142855,3.242857142857143,,
Plzeň-Mikulka,8.0,yrno,2.7375000000000003,2.5250000000000004,1.5718750000000001,4.114285714285715
Plzeň-Mikulka,9.0,weathercom,2.233333333333333,3.1500000000000004,,
Plzeň-Mikulka,9.0,yrno,3.6428571428571423,2.342857142857143,1.721428571428571,3.6666666666666665
Polom,0.0,weathercom,,1.3399999999999999,,
Polom,1.0,weathercom,1.8428571428571432,1.3500000000000003,,
Polom,1.0,yrno,1.466666666666667,0.8933333333333336,1.0075,1.0071428571428573
Polom,2.0,weathercom,1.530769230769231,1.623076923076923,,
Polom,2.0,yrno,1.735714285714286,1.0571428571428572,1.219345238095238,1.6769230769230767
Polom,3.0,weathercom,1.5,1.2666666666666668,,
Polom,3.0,yrno,1.7923076923076926,1.0307692307692309,1.1480769230769228,2.433333333333333
Polom,4.0,weathercom,1.6545454545454545,1.4727272727272729,,
Polom,4.0,yrno,2.2500000000000004,1.241666666666667,1.4124999999999999,4.1818181818181825
Polom,5.0,weathercom,1.8099999999999998,1.48,,
Polom,5.0,yrno,2.490909090909091,1.3363636363636364,1.5068181818181818,2.05
Polom,6.0,weathercom,2.0666666666666664,1.2333333333333334,,
Polom,6.0,yrno,2.38,1.5100000000000002,1.5699999999999998,3.3555555555555556
Polom,7.0,weathercom,2.2625,1.1,,
Polom,7.0,yrno,2.5999999999999996,1.0444444444444447,1.411111111111111,2.35
Polom,8.0,weathercom,2.257142857142857,1.0857142857142856,,
Polom,8.0,yrno,1.5875000000000001,1.7999999999999998,1.3843750000000001,2.8857142857142857
Polom,9.0,weathercom,2.733333333333333,0.8000000000000002,,
Polom,9.0,yrno,2.757142857142857,1.7714285714285711,1.8642857142857143,4.85
Praha-Karlov,0.0,weathercom,,,,
Praha-Karlov,1.0,weathercom,,,,
Praha-Karlov,1.0,yrno,,,,
Praha-Karlov,2.0,weathercom,,,,
Praha-Karlov,2.0,yrno,,,,
Praha-Karlov,3.0,weathercom,,,,
Praha-Karlov,3.0,yrno,,,,
Praha-Karlov,4.0,weathercom,,,,
Praha-Karlov,4.0,yrno,,,,
Praha-Karlov,5.0,weathercom,,,,
Praha-Karlov,5.0,yrno,,,,
Praha-Karlov,6.0,weathercom,,,,
Praha-Karlov,6.0,yrno,,,,
Praha-Karlov,7.0,weathercom,,,,
Praha-Karlov,7.0,yrno,,,,
Praha-Karlov,8.0,weathercom,,,,
Praha-Karlov,8.0,yrno,,,,
Praha-Karlov,9.0,weathercom,,,,
Praha-Karlov,9.0,yrno,,,,
Praha-Kbely,1.0,yrno,1.0666666666666667,1.6866666666666668,0.886111111111111,1.1384615384615382
Praha-Kbely,2.0,yrno,0.8785714285714287,1.5,0.6717261904761903,1.1916666666666667
Praha-Kbely,3.0,yrno,0.9230769230769232,2.0615384615384618,0.6038461538461537,2.190909090909091
Praha-Kbely,4.0,yrno,1.7833333333333332,2.225,0.8999999999999999,2.8400000000000003
Praha-Kbely,5.0,yrno,1.836363636363636,2.290909090909091,1.25,1.3222222222222222
Praha-Kbely,6.0,yrno,1.7899999999999998,2.94,1.5250000000000001,1.5625
Praha-Kbely,7.0,yrno,1.6777777777777778,2.7222222222222223,1.4916666666666667,0.7000000000000002
Praha-Kbely,8.0,yrno,2.3625000000000007,2.3875,1.5374999999999996,0.9833333333333334
Praha-Kbely,9.0,yrno,2.7571428571428567,2.7857142857142856,2.0857142857142854,3.5200000000000005
Praha-Libuš,0.0,weathercom,,2.326666666666667,,
Praha-Libuš,1.0,weathercom,1.0214285714285716,2.371428571428571,,
Praha-Libuš,1.0,yrno,1.1733333333333333,2.0533333333333332,0.8580555555555556,0.7928571428571429
Praha-Libuš,2.0,weathercom,1.4769230769230772,2.56923076923077,,
Praha-Libuš,2.0,yrno,1.3285714285714292,2.242857142857143,0.7785714285714288,0.6769230769230773
Praha-Libuš,3.0,weathercom,1.2583333333333335,2.6166666666666667,,
Praha-Libuš,3.0,yrno,1.2384615384615385,2.238461538461538,0.7211538461538461,1.3083333333333331
Praha-Libuš,4.0,weathercom,1.1636363636363638,2.5727272727272728,,
Praha-Libuš,4.0,yrno,2.1583333333333328,2.558333333333333,1.2166666666666668,1.7363636363636366
Praha-Libuš,5.0,weathercom,1.0400000000000003,2.91,,
Praha-Libuš,5.0,yrno,1.8454545454545452,2.727272727272727,1.3045454545454545,2.2600000000000002
Praha-Libuš,6.0,weathercom,1.4555555555555557,3.277777777777778,,
Praha-Libuš,6.0,yrno,2.05,3.44,1.5174999999999996,1.7777777777777781
Praha-Libuš,7.0,weathercom,1.6,3.0500000000000003,,
Praha-Libuš,7.0,yrno,2.177777777777778,2.8444444444444446,1.386111111111111,1.3750000000000002
Praha-Libuš,8.0,weathercom,1.557142857142857,2.4857142857142853,,
Praha-Libuš,8.0,yrno,3.0999999999999996,2.5125,1.8374999999999997,2.385714285714286
Praha-Libuš,9.0,weathercom,1.7166666666666668,2.483333333333333,,
Praha-Libuš,9.0,yrno,2.971428571428572,1.9428571428571426,1.907142857142857,4.6000000000000005
Praha-Ruzyně,0.0,weathercom,,1.9133333333333333,,
Praha-Ruzyně,1.0,weathercom,0.9857142857142858,2.0357142857142856,,
Praha-Ruzyně,1.0,yrno,1.013333333333333,1.7733333333333337,0.8255555555555557,0.7799999999999998
Praha-Ruzyně,2.0,weathercom,1.2,2.384615384615384,,
Praha-Ruzyně,2.0,yrno,0.9428571428571425,1.9428571428571426,0.725892857142857,0.8857142857142858
Praha-Ruzyně,3.0,weathercom,0.8916666666666667,2.558333333333333,,
Praha-Ruzyně,3.0,yrno,0.7692307692307694,2.330769230769231,0.8403846153846152,1.6692307692307695
Praha-Ruzyně,4.0,weathercom,0.8363636363636363,2.2181818181818183,,
Praha-Ruzyně,4.0,yrno,1.7,2.35,0.9937500000000004,1.8833333333333335
Praha-Ruzyně,5.0,weathercom,0.8399999999999999,2.8,,
Praha-Ruzyně,5.0,yrno,1.190909090909091,2.7818181818181817,1.2295454545454552,1.5090909090909093
Praha-Ruzyně,6.0,weathercom,1.4666666666666666,3.0999999999999996,,
Praha-Ruzyně,6.0,yrno,1.72,3.5199999999999996,1.4025000000000005,1.57
Praha-Ruzyně,7.0,weathercom,1.3125,3.2625,,
Praha-Ruzyně,7.0,yrno,1.7777777777777777,3.0222222222222217,1.1944444444444444,1.2222222222222219
Praha-Ruzyně,8.0,weathercom,1.4571428571428573,3.0142857142857147,,
Praha-Ruzyně,8.0,yrno,2.5874999999999995,2.3124999999999996,1.365625,2.4125
Praha-Ruzyně,9.0,weathercom,1.866666666666667,2.8333333333333335,,
Praha-Ruzyně,9.0,yrno,2.414285714285714,3.042857142857143,1.9357142857142853,3.8285714285714283
Prostějov,0.0,weathercom,,4.5200000000000005,,
Prostějov,1.0,weathercom,0.6214285714285717,4.721428571428572,,
Prostějov,1.0,yrno,1.4666666666666672,3.573333333333333,1.143611111111111,1.3266666666666669
Prostějov,2.0,weathercom,0.6846153846153847,4.846153846153848,,
Prostějov,2.0,yrno,1.5642857142857145,3.5857142857142863,1.3589285714285713,2.2142857142857144
Prostějov,3.0,weathercom,0.7583333333333337,5.358333333333334,,
Prostějov,3.0,yrno,1.5307692307692307,4.276923076923077,1.3596153846153847,1.0
Prostějov,4.0,weathercom,0.7090909090909094,5.163636363636364,,
Prostějov,4.0,yrno,2.0000000000000004,4.8,1.2187500000000002,4.1000000000000005
Prostějov,5.0,weathercom,1.3400000000000003,4.970000000000001,,
Prostějov,5.0,yrno,2.7,4.327272727272727,1.0568181818181819,2.6181818181818186
Prostějov,6.0,weathercom,1.9888888888888892,5.411111111111111,,
Prostějov,6.0,yrno,2.3900000000000006,3.8600000000000003,1.31,3.060000000000001
Prostějov,7.0,weathercom,1.6125000000000005,4.4,,
Prostějov,7.0,yrno,2.2888888888888896,4.822222222222222,0.6666666666666669,2.322222222222222
Prostějov,8.0,weathercom,1.1714285714285715,4.785714285714286,,
Prostějov,8.0,yrno,1.7500000000000004,4.3625,1.5093749999999995,2.7
Prostějov,9.0,weathercom,1.6500000000000001,3.8000000000000003,,
Prostějov,9.0,yrno,2.385714285714286,5.828571428571428,1.8999999999999997,5.628571428571429
Přibyslav,0.0,weathercom,,1.7266666666666666,,
Přibyslav,1.0,weathercom,0.5142857142857141,1.7857142857142858,,
Přibyslav,1.0,yrno,1.5199999999999998,1.2800000000000002,1.1616666666666668,0.7071428571428574
Přibyslav,2.0,weathercom,0.6923076923076923,1.2923076923076922,,
Přibyslav,2.0,yrno,1.764285714285714,1.0928571428571427,1.224404761904762,0.8923076923076922
Přibyslav,3.0,weathercom,1.0166666666666666,1.6916666666666664,,
Přibyslav,3.0,yrno,2.2538461538461543,1.3769230769230771,1.0788461538461536,1.8916666666666666
Přibyslav,4.0,weathercom,0.6999999999999998,1.3636363636363638,,
Přibyslav,4.0,yrno,2.3499999999999996,1.5583333333333336,1.1895833333333332,3.336363636363636
Přibyslav,5.0,weathercom,1.1099999999999999,1.38,,
Přibyslav,5.0,yrno,2.5,1.0999999999999999,1.1522727272727276,2.62
Přibyslav,6.0,weathercom,1.411111111111111,2.4333333333333336,,
Přibyslav,6.0,yrno,1.86,1.94,1.4450000000000003,0.5777777777777777
Přibyslav,7.0,weathercom,1.5499999999999998,2.0749999999999997,,
Přibyslav,7.0,yrno,2.066666666666666,1.7999999999999998,1.4249999999999998,1.2375
Přibyslav,8.0,weathercom,1.2999999999999996,2.4285714285714284,,
Přibyslav,8.0,yrno,2.2,2.55,1.8218749999999997,1.1714285714285708
Přibyslav,9.0,weathercom,1.683333333333333,2.15,,
Přibyslav,9.0,yrno,1.7428571428571427,2.8428571428571425,1.557142857142857,5.916666666666667
Přimda,0.0,weathercom,,1.1733333333333336,,
Přimda,1.0,weathercom,1.8571428571428572,1.1428571428571428,,
Přimda,1.0,yrno,1.653333333333333,1.5066666666666666,0.8191666666666665,1.0599999999999996
Přimda,2.0,weathercom,1.6076923076923075,1.1384615384615384,,
Přimda,2.0,yrno,1.8642857142857143,1.3142857142857138,0.6758928571428575,1.0285714285714287
Přimda,3.0,weathercom,2.0250000000000004,1.3666666666666665,,
Přimda,3.0,yrno,1.8230769230769233,1.3461538461538463,1.0442307692307695,2.0923076923076924
Přimda,4.0,weathercom,1.9181818181818178,1.3363636363636362,,
Přimda,4.0,yrno,1.9750000000000003,1.2333333333333336,0.8208333333333334,1.325
Přimda,5.0,weathercom,1.92,1.1,,
Přimda,5.0,yrno,2.3454545454545457,1.3,1.05,1.2545454545454542
Přimda,6.0,weathercom,1.8888888888888884,1.2222222222222223,,
Přimda,6.0,yrno,2.7900000000000005,1.56,1.3125000000000002,1.6999999999999997
Přimda,7.0,weathercom,0.9625000000000001,1.2999999999999998,,
Přimda,7.0,yrno,1.7666666666666666,1.0777777777777777,0.7083333333333335,1.8444444444444446
Přimda,8.0,weathercom,1.3000000000000003,1.5857142857142856,,
Přimda,8.0,yrno,2.425,1.4374999999999998,1.2093749999999999,3.225
Přimda,9.0,weathercom,1.1333333333333335,1.6666666666666667,,
Přimda,9.0,yrno,1.8714285714285717,1.9000000000000001,1.4428571428571428,2.9857142857142853
Svratouch,0.0,weathercom,,1.0666666666666667,,
Svratouch,1.0,weathercom,0.6571428571428571,1.1785714285714286,,
Svratouch,1.0,yrno,1.1533333333333335,0.7400000000000001,0.6477777777777776,0.746153846153846
Svratouch,2.0,weathercom,0.7615384615384617,0.9461538461538461,,
Svratouch,2.0,yrno,1.3,0.6214285714285713,0.7002976190476187,0.9923076923076924
Svratouch,3.0,weathercom,0.8666666666666668,1.125,,
Svratouch,3.0,yrno,1.692307692307693,1.2307692307692308,0.8480769230769231,1.8833333333333335
Svratouch,4.0,weathercom,0.5000000000000001,1.5090909090909093,,
Svratouch,4.0,yrno,1.9000000000000004,1.1833333333333333,0.9229166666666667,3.6545454545454548
Svratouch,5.0,weathercom,1.0099999999999998,1.0899999999999999,,
Svratouch,5.0,yrno,2.1454545454545455,1.0,0.8272727272727274,2.81
Svratouch,6.0,weathercom,1.4333333333333331,1.588888888888889,,
Svratouch,6.0,yrno,1.7000000000000004,1.5000000000000002,1.3299999999999996,1.011111111111111
Svratouch,7.0,weathercom,1.4375,1.45,,
Svratouch,7.0,yrno,1.811111111111111,1.8333333333333333,1.2638888888888893,1.1874999999999998
Svratouch,8.0,weathercom,1.2857142857142858,1.9285714285714286,,
Svratouch,8.0,yrno,1.8375,2.0125,1.4374999999999996,1.4142857142857144
Svratouch,9.0,weathercom,1.7833333333333332,1.9833333333333336,,
Svratouch,9.0,yrno,1.7428571428571427,2.8714285714285714,1.8142857142857138,5.8
Temelín,0.0,weathercom,,1.2733333333333332,,
Temelín,1.0,weathercom,1.3714285714285712,1.442857142857143,,
Temelín,1.0,yrno,1.1799999999999997,1.6666666666666665,0.8033333333333331,0.6666666666666666
Temelín,2.0,weathercom,1.4384615384615382,1.284615384615385,,
Temelín,2.0,yrno,1.4214285714285713,1.1714285714285713,0.7616071428571429,0.37142857142857155
Temelín,3.0,weathercom,1.9833333333333336,1.2750000000000001,,
Temelín,3.0,yrno,1.646153846153846,1.8923076923076925,0.665384615384615,0.9307692307692306
Temelín,4.0,weathercom,1.9181818181818182,1.2909090909090908,,
Temelín,4.0,yrno,2.241666666666667,2.3083333333333336,0.7041666666666669,1.991666666666667
Temelín,5.0,weathercom,1.5699999999999998,1.1999999999999997,,
Temelín,5.0,yrno,1.836363636363636,1.8727272727272728,0.909090909090909,2.2090909090909094
Temelín,6.0,weathercom,2.2777777777777777,1.6555555555555554,,
Temelín,6.0,yrno,2.38,2.5000000000000004,1.8175000000000001,1.58
Temelín,7.0,weathercom,1.9625,2.0749999999999997,,
Temelín,7.0,yrno,2.033333333333333,2.588888888888889,1.3194444444444449,1.9888888888888892
Temelín,8.0,weathercom,2.8142857142857136,2.257142857142857,,
Temelín,8.0,yrno,3.2500000000000004,2.3125,1.528125,1.9125
Temelín,9.0,weathercom,2.533333333333333,2.25,,
Temelín,9.0,yrno,2.6999999999999997,3.442857142857143,1.5214285714285716,6.171428571428571
Tušimice,0.0,weathercom,,2.6599999999999993,,
Tušimice,1.0,weathercom,1.0857142857142854,2.857142857142857,,
Tušimice,1.0,yrno,1.066666666666667,2.5733333333333333,1.2388888888888894,0.275
Tušimice,2.0,weathercom,1.4230769230769231,3.184615384615384,,
Tušimice,2.0,yrno,1.1785714285714286,2.6999999999999997,1.1717261904761902,1.9833333333333332
Tušimice,3.0,weathercom,1.925,3.125,,
Tušimice,3.0,yrno,1.4692307692307693,2.8923076923076922,1.121153846153846,1.263636363636364
Tušimice,4.0,weathercom,1.8454545454545452,2.872727272727273,,
Tušimice,4.0,yrno,1.9916666666666665,2.9749999999999996,1.1416666666666666,2.09
Tušimice,5.0,weathercom,1.81,3.000000000000001,,
Tušimice,5.0,yrno,1.5545454545454547,2.5636363636363635,1.159090909090909,2.0777777777777775
Tušimice,6.0,weathercom,1.5888888888888888,3.711111111111111,,
Tušimice,6.0,yrno,1.7299999999999998,3.02,1.3724999999999998,2.888888888888889
Tušimice,7.0,weathercom,1.4625000000000001,3.8625,,
Tušimice,7.0,yrno,2.088888888888889,3.5,1.4055555555555557,3.5250000000000004
Tušimice,8.0,weathercom,1.3571428571428572,3.5000000000000004,,
Tušimice,8.0,yrno,2.1125,3.249999999999999,1.2875,3.9499999999999997
Tušimice,9.0,weathercom,1.8333333333333333,3.4499999999999997,,
Tušimice,9.0,yrno,2.5714285714285707,3.7,2.478571428571428,4.6571428571428575
Ústí nad Labem,0.0,weathercom,,1.0666666666666669,,
Ústí nad Labem,1.0,weathercom,0.8928571428571427,1.1500000000000001,,
Ústí nad Labem,1.0,yrno,1.28,1.0533333333333335,1.2272222222222224,0.5923076923076921
Ústí nad Labem,2.0,weathercom,1.3230769230769228,1.1307692307692305,,
Ústí nad Labem,2.0,yrno,1.4928571428571427,1.05,1.3803571428571428,2.4000000000000004
Ústí nad Labem,3.0,weathercom,1.4166666666666667,1.3583333333333334,,
Ústí nad Labem,3.0,yrno,1.9692307692307696,1.5615384615384615,1.4019230769230764,0.9833333333333335
Ústí nad Labem,4.0,weathercom,1.3999999999999997,1.1181818181818182,,
Ústí nad Labem,4.0,yrno,2.541666666666667,1.2500000000000002,1.4729166666666664,2.545454545454546
Ústí nad Labem,5.0,weathercom,1.7299999999999998,1.1400000000000001,,
Ústí nad Labem,5.0,yrno,2.109090909090909,1.2727272727272727,1.6318181818181818,2.9800000000000004
Ústí nad Labem,6.0,weathercom,1.9444444444444444,1.3222222222222222,,
Ústí nad Labem,6.0,yrno,2.64,1.78,1.9600000000000002,4.066666666666666
Ústí nad Labem,7.0,weathercom,2.4749999999999996,1.1249999999999998,,
Ústí nad Labem,7.0,yrno,3.4444444444444438,1.166666666666667,2.4055555555555554,4.055555555555556
Ústí nad Labem,8.0,weathercom,2.3142857142857145,1.8571428571428574,,
Ústí nad Labem,8.0,yrno,3.7249999999999996,2.6000000000000005,3.0187500000000003,5.362499999999999
Ústí nad Labem,9.0,weathercom,2.35,1.1833333333333333,,
Ústí nad Labem,9.0,yrno,3.785714285714286,2.0999999999999996,2.671428571428571,6.071428571428571
Ústí nad Orlicí,0.0,weathercom,,2.453333333333333,,
Ústí nad Orlicí,1.0,weathercom,0.7928571428571426,2.5,,
Ústí nad Orlicí,1.0,yrno,1.6199999999999999,2.0933333333333333,0.7622222222222222,1.064285714285714
Ústí nad Orlicí,2.0,weathercom,1.192307692307692,2.192307692307692,,
Ústí nad Orlicí,2.0,yrno,1.8,1.8642857142857139,0.9125,1.2357142857142858
Ústí nad Orlicí,3.0,weathercom,1.0999999999999996,2.4333333333333336,,
Ústí nad Orlicí,3.0,yrno,2.1230769230769226,2.207692307692308,1.0076923076923079,1.3384615384615388
Ústí nad Orlicí,4.0,weathercom,1.0272727272727271,2.190909090909091,,
Ústí nad Orlicí,4.0,yrno,2.133333333333333,2.1500000000000004,1.075,4.525
Ústí nad Orlicí,5.0,weathercom,1.4,2.3300000000000005,,
Ústí nad Orlicí,5.0,yrno,2.809090909090909,1.9454545454545453,1.2227272727272722,1.9
Ústí nad Orlicí,6.0,weathercom,1.9333333333333331,2.7222222222222223,,
Ústí nad Orlicí,6.0,yrno,2.7299999999999995,2.44,1.2999999999999996,2.0300000000000002
Ústí nad Orlicí,7.0,weathercom,2.0374999999999996,2.3625,,
Ústí nad Orlicí,7.0,yrno,2.933333333333333,2.9777777777777774,1.2999999999999998,1.1555555555555554
Ústí nad Orlicí,8.0,weathercom,1.4142857142857141,3.085714285714286,,
Ústí nad Orlicí,8.0,yrno,2.4249999999999994,2.825,1.7062499999999994,1.0499999999999998
Ústí nad Orlicí,9.0,weathercom,2.3999999999999995,3.016666666666667,,
Ústí nad Orlicí,9.0,yrno,1.971428571428571,2.8571428571428568,1.1357142857142861,5.071428571428571
Červená u Libavé,0.0,weathercom,,1.0533333333333335,,
Červená u Libavé,1.0,weathercom,0.7357142857142858,0.8642857142857144,,
Červená u Libavé,1.0,yrno,1.4466666666666663,0.9133333333333334,0.8991666666666667,1.6357142857142857
Červená u Libavé,2.0,weathercom,0.8999999999999999,1.0769230769230769,,
Červená u Libavé,2.0,yrno,1.5071428571428573,1.0285714285714287,1.0520833333333333,2.0384615384615383
Červená u Libavé,3.0,weathercom,0.9416666666666668,1.2166666666666668,,
Červená u Libavé,3.0,yrno,1.2999999999999998,1.2,1.092307692307692,1.125
Červená u Libavé,4.0,weathercom,1.3,1.390909090909091,,
Červená u Libavé,4.0,yrno,2.1,1.5666666666666667,1.4625000000000004,5.463636363636362
Červená u Libavé,5.0,weathercom,1.5699999999999998,1.5400000000000003,,
Červená u Libavé,5.0,yrno,2.4000000000000004,1.6000000000000005,1.4454545454545453,2.0700000000000003
Červená u Libavé,6.0,weathercom,2.0555555555555554,1.4666666666666666,,
Červená u Libavé,6.0,yrno,2.2500000000000004,1.22,1.1050000000000002,2.4444444444444446
Červená u Libavé,7.0,weathercom,2.15,1.15,,
Červená u Libavé,7.0,yrno,2.188888888888889,0.8888888888888888,1.0222222222222224,2.6500000000000004
Červená u Libavé,8.0,weathercom,1.5142857142857145,1.6857142857142855,,
Červená u Libavé,8.0,yrno,1.4375,1.4875,1.115625,2.7857142857142856
Červená u Libavé,9.0,weathercom,2.283333333333333,0.65,,
Červená u Libavé,9.0,yrno,2.9428571428571426,2.5714285714285716,1.957142857142858,3.333333333333334
České Budějovice,0.0,weathercom,,2.5,,
České Budějovice,1.0,weathercom,1.535714285714286,2.607142857142857,,
České Budějovice,1.0,yrno,1.7333333333333338,2.4533333333333336,1.2863888888888895,0.7600000000000001
České Budějovice,2.0,weathercom,2.0923076923076924,3.1307692307692316,,
České Budějovice,2.0,yrno,2.107142857142857,2.3714285714285714,1.3026785714285716,0.1642857142857141
České Budějovice,3.0,weathercom,2.2416666666666667,2.9916666666666667,,
České Budějovice,3.0,yrno,2.176923076923077,2.946153846153846,1.2115384615384615,1.0461538461538462
České Budějovice,4.0,weathercom,2.0363636363636357,2.909090909090909,,
České Budějovice,4.0,yrno,3.158333333333333,2.9749999999999996,1.2145833333333338,1.675
České Budějovice,5.0,weathercom,1.9,2.96,,
České Budějovice,5.0,yrno,2.1818181818181817,2.8272727272727276,1.481818181818182,1.7363636363636366
České Budějovice,6.0,weathercom,2.311111111111112,3.377777777777778,,
České Budějovice,6.0,yrno,2.5300000000000002,3.4900000000000007,2.22,1.7
České Budějovice,7.0,weathercom,2.1875,3.1125000000000003,,
České Budějovice,7.0,yrno,2.8111111111111113,3.4000000000000004,1.9194444444444438,1.8999999999999997
České Budějovice,8.0,weathercom,2.642857142857143,2.9142857142857146,,
České Budějovice,8.0,yrno,4.0,2.7875,1.90625,1.7125
České Budějovice,9.0,weathercom,2.3833333333333333,2.3000000000000003,,
České Budějovice,9.0,yrno,3.6999999999999997,3.1999999999999997,1.6285714285714283,6.799999999999999
Čáslav,0.0,weathercom,,2.12,,
Čáslav,1.0,weathercom,0.8285714285714286,1.9285714285714284,,
Čáslav,1.0,yrno,1.6600000000000001,2.0200000000000005,1.1247222222222224,0.8357142857142855
Čáslav,2.0,weathercom,0.9538461538461539,2.0153846153846153,,
Čáslav,2.0,yrno,1.7785714285714285,2.092857142857142,1.098511904761905,0.9384615384615385
Čáslav,3.0,weathercom,0.9249999999999999,1.8249999999999995,,
Čáslav,3.0,yrno,2.153846153846154,2.030769230769231,1.0326923076923078,1.6499999999999997
Čáslav,4.0,weathercom,0.9272727272727274,1.6636363636363638,,
Čáslav,4.0,yrno,2.7416666666666667,1.4416666666666664,1.3520833333333335,3.027272727272727
Čáslav,5.0,weathercom,1.2999999999999998,1.72,,
Čáslav,5.0,yrno,2.5181818181818176,1.781818181818182,1.4659090909090908,2.2499999999999996
Čáslav,6.0,weathercom,1.6444444444444446,1.8333333333333333,,
Čáslav,6.0,yrno,2.4099999999999997,1.8299999999999996,1.4499999999999997,1.2222222222222223
Čáslav,7.0,weathercom,1.3250000000000002,1.375,,
Čáslav,7.0,yrno,2.6888888888888887,2.0444444444444443,1.4833333333333336,1.4375000000000002
Čáslav,8.0,weathercom,1.4285714285714288,1.6428571428571428,,
Čáslav,8.0,yrno,2.725,1.5875,1.7656249999999998,1.328571428571428
Čáslav,9.0,weathercom,2.3666666666666667,2.1666666666666665,,
Čáslav,9.0,yrno,2.914285714285714,2.414285714285714,2.085714285714286,6.0
Šerák,0.0,weathercom,,3.526666666666667,,
Šerák,1.0,weathercom,3.3357142857142863,3.6071428571428577,,
Šerák,1.0,yrno,1.9133333333333329,1.1199999999999999,1.306944444444444,1.6000000000000003
Šerák,2.0,weathercom,3.3307692307692305,3.338461538461539,,
Šerák,2.0,yrno,1.928571428571429,1.1,1.2752976190476188,1.8714285714285712
Šerák,3.0,weathercom,3.2750000000000004,3.0333333333333337,,
Šerák,3.0,yrno,2.0538461538461537,1.2999999999999998,1.5673076923076923,1.4
Šerák,4.0,weathercom,3.1,3.1454545454545455,,
Šerák,4.0,yrno,2.641666666666666,1.7166666666666666,1.7854166666666667,4.249999999999999
Šerák,5.0,weathercom,3.13,3.1499999999999995,,
Šerák,5.0,yrno,2.827272727272727,1.6636363636363634,1.8204545454545453,1.9818181818181815
Šerák,6.0,weathercom,3.0777777777777775,3.5222222222222226,,
Šerák,6.0,yrno,2.17,1.44,1.4949999999999999,2.68
Šerák,7.0,weathercom,3.5625,3.45,,
Šerák,7.0,yrno,2.2222222222222223,1.3333333333333333,1.1055555555555554,2.6666666666666665
Šerák,8.0,weathercom,3.914285714285714,3.9857142857142853,,
Šerák,8.0,yrno,1.7624999999999997,1.5125,1.09375,5.125
Šerák,9.0,weathercom,4.633333333333333,3.3000000000000003,,
Šerák,9.0,yrno,3.028571428571428,2.2857142857142856,1.8214285714285712,5.585714285714286
